id,first_name,last_name,country,age,weight,height
1,Louis,Hunter,France,54,,197.39
2,Irene,Nelson,Poland,32,139.86,199.71
3,Stephen,Stone,Philippines,20,97.03,185.16
4,Beverly,Austin,China,42,53.47,177.55
5,Randy,Price,Greece,46,97.91,180.4
6,Jonathan,Wright,Georgia,53,143.12,167.05
7,Cheryl,Pierce,Sweden,27,,187.44
8,Wanda,Gutierrez,Poland,58,43.58,
9,Stephanie,Collins,Honduras,52,,155.59
10,Mark,Stewart,Nepal,34,134.15,145.95
11,Patricia,Mendoza,China,37,89.86,145.09
12,Todd,Ramirez,Poland,67,,160.13
13,Virginia,Cooper,Indonesia,27,,148.5
14,Joseph,Ferguson,France,25,,143.7
15,Patricia,Lopez,Macedonia,55,48.81,153.98
16,Tina,Torres,Jamaica,68,84.02,144.84
17,Bruce,Clark,Cambodia,19,106.39,180.43
18,Marie,Bell,Portugal,,46.61,150.51
19,Joyce,Greene,China,37,83.5,
20,Martha,Hunter,Portugal,53,144.36,172.03
21,Carolyn,Garza,Nigeria,,72.06,
22,Evelyn,Watson,Peru,45,104.11,195.71
23,Judith,Patterson,China,66,55.9,161.62
24,Deborah,Cook,Yemen,22,68.13,
25,Phillip,Mason,Argentina,43,89.17,182.86
26,Jeremy,Bowman,Indonesia,75,111.12,179.67
27,Ruby,Woods,China,57,109.1,194.98
28,Jason,Montgomery,Poland,40,,180.89
29,Douglas,Larson,Philippines,64,98.76,143.63
30,Melissa,Stevens,China,22,86.16,202.52
31,Randy,Hawkins,Portugal,58,142.36,147.72
32,Ernest,Hunt,Brazil,62,104.34,182.27
33,Kathy,Ramirez,Philippines,18,131.72,183.66
34,Donald,Olson,Ukraine,69,59.43,182.28
35,Doris,Ryan,Tanzania,19,62.9,196.97
36,Sarah,Anderson,China,56,129.91,190.44
37,Timothy,Rogers,Vietnam,29,116.5,
38,Timothy,Montgomery,Myanmar,28,96.8,186.69
39,Anna,Fernandez,Russia,44,67.82,171.99
40,Robert,Lawson,Cameroon,23,118.7,159.72
41,Craig,Sanchez,Slovenia,32,106.58,197.51
42,Clarence,Henderson,Norway,,106.48,203.37
43,Michelle,Williamson,Nepal,29,64.58,141.55
44,Rebecca,Armstrong,China,31,82.5,190.4
45,Daniel,Marshall,Sudan,22,61.05,177.11
46,Carol,Simpson,France,28,69.09,147.24
47,Deborah,Turner,Canada,36,108.49,160.84
48,Shawn,Peterson,Portugal,20,108.29,188.42
49,Shawn,Ross,Philippines,61,114.28,172.29
50,Frank,Kim,France,22,62.79,160.98
51,Joe,Stewart,Peru,62,140.42,163.56
52,Steve,Moore,Russia,26,64.87,159.9
53,Roger,Spencer,China,53,50.08,205.36
54,Judy,Hayes,China,71,94.71,146.73
55,Anna,Griffin,Indonesia,47,111.56,182.08
56,Katherine,Richards,Panama,60,88.66,169.68
57,Elizabeth,Freeman,Ireland,42,140.38,174.57
58,Evelyn,Warren,Sweden,64,121.73,195.48
59,Benjamin,Carr,China,32,,147.33
60,Samuel,Mccoy,Honduras,54,,155.66
61,Lawrence,Mason,Ukraine,55,129.45,188.9
62,Thomas,Dunn,China,43,92.16,203.66
63,Annie,Dean,Serbia,58,67.05,142.78
64,Patricia,Warren,China,59,95.68,154.64
65,Christine,Elliott,Barbados,53,113.6,157.3
66,Mildred,Fernandez,Thailand,57,117.56,187.15
67,Margaret,Long,Nigeria,58,107.05,176.55
68,Dorothy,Cole,Palestinian Territory,66,61.45,208.0
69,Teresa,Carter,Brazil,20,48.67,162.33
70,Mildred,Gilbert,Uzbekistan,62,78.84,195.8
71,Steven,Mcdonald,Sri Lanka,73,,
72,Amanda,Sanchez,France,47,124.16,148.39
73,Theresa,Russell,Greece,22,97.98,140.08
74,Annie,Johnston,China,35,64.11,183.97
75,Patrick,Weaver,Japan,52,,165.32
76,Michelle,Hawkins,Russia,69,135.23,157.18
77,Rachel,Murphy,Russia,74,44.07,183.71
78,Philip,Dixon,Italy,26,,178.48
79,Eric,Fisher,China,37,130.51,141.5
80,Kenneth,Boyd,Macedonia,26,63.37,208.16
81,Frances,Little,Philippines,52,43.77,171.47
82,Deborah,Morris,Chile,18,52.72,178.79
83,Jeremy,Johnson,China,19,101.47,190.7
84,Rebecca,Campbell,Poland,21,,159.72
85,Ronald,Harris,Vietnam,55,145.35,148.67
86,Ronald,Burns,Iran,47,127.71,149.36
87,Richard,Harper,Indonesia,24,105.26,185.69
88,Donna,Greene,Uruguay,70,139.04,140.83
89,Jacqueline,Collins,Pakistan,,49.52,
90,Sean,Gutierrez,Brazil,31,65.83,
91,Carol,Reyes,Brazil,66,128.83,186.67
92,Kelly,Wilson,Indonesia,50,75.48,177.93
93,Wanda,Fisher,Thailand,39,73.0,178.62
94,Mary,Peterson,Finland,43,61.84,176.88
95,Jane,Austin,Portugal,54,76.17,185.22
96,Diana,Gibson,Indonesia,,53.95,
97,Jonathan,Barnes,Canada,41,112.31,165.03
98,Beverly,Peterson,China,72,115.56,
99,Theresa,Diaz,South Africa,21,93.41,
100,Roger,Hernandez,China,37,66.05,170.66
101,Deborah,Chavez,South Korea,50,103.09,147.76
102,Brenda,Garza,China,26,118.91,157.54
103,Margaret,Dixon,Mongolia,38,43.08,181.24
104,Joe,Stone,Vietnam,30,64.2,202.64
105,Julie,Andrews,Nigeria,62,130.3,158.19
106,Theresa,Chavez,China,70,71.98,169.61
107,Jason,Cole,Saudi Arabia,,121.58,169.06
108,Eugene,Fernandez,Colombia,68,46.62,193.62
109,Todd,Harrison,Indonesia,28,140.58,199.59
110,Victor,Thomas,Indonesia,42,,185.39
111,Brian,Burns,Philippines,69,51.25,188.42
112,Ann,Frazier,Greece,41,44.81,165.33
113,Christine,Morgan,China,68,40.51,193.76
114,David,Snyder,Kosovo,53,73.35,187.17
115,Marie,Morales,Estonia,41,,198.65
116,Stephanie,Watkins,China,22,143.14,161.61
117,Victor,Webb,Czech Republic,,110.59,
118,Brenda,Wells,China,45,79.81,182.74
119,Judy,Armstrong,Argentina,63,125.32,177.52
120,Frank,Hamilton,Poland,59,,155.57
121,Patrick,Holmes,Poland,42,123.94,196.98
122,Marilyn,Reid,Sweden,45,75.61,208.45
123,Peter,Gilbert,Indonesia,37,96.14,166.2
124,Rachel,Wells,Netherlands,23,147.62,150.57
125,Raymond,Garcia,Colombia,59,76.95,143.77
126,Joseph,Russell,China,48,50.59,193.6
127,Johnny,Russell,Argentina,57,,184.5
128,Mildred,Lawrence,Belarus,57,125.49,190.91
129,Frank,Mendoza,Indonesia,67,129.79,199.33
130,Todd,Webb,Cameroon,74,,169.05
131,Jason,Lewis,Czech Republic,73,,145.87
132,Heather,Henderson,China,58,47.21,166.26
133,Shawn,Gutierrez,United States,49,61.92,206.03
134,Johnny,Brooks,Finland,19,,205.79
135,Albert,Sims,Armenia,31,,147.06
136,Adam,Sullivan,Kazakhstan,43,,202.48
137,Lori,Vasquez,United Kingdom,60,110.8,181.49
138,Melissa,Duncan,Guatemala,58,126.73,185.77
139,Carol,Campbell,China,65,121.35,151.56
140,Helen,Gutierrez,Argentina,34,,203.19
141,Alice,Wagner,Indonesia,68,69.8,
142,Donald,Bell,Indonesia,37,138.52,166.36
143,Brenda,Ellis,Serbia,25,74.29,
144,Aaron,Baker,Brazil,22,72.13,171.76
145,Patrick,Johnson,Venezuela,34,42.56,143.49
146,Jessica,Cole,Czech Republic,61,143.2,163.82
147,Stephanie,Banks,Indonesia,21,79.49,141.25
148,Carl,Turner,Portugal,26,148.24,
149,Sara,Webb,China,60,53.22,154.48
150,Mark,Martin,Sweden,56,125.3,159.23
151,Todd,Fields,China,39,130.52,187.92
152,Shirley,Hall,Sweden,75,44.75,160.75
153,Angela,Dean,Russia,49,44.62,183.26
154,Pamela,Davis,Vietnam,61,60.35,149.61
155,Rose,Hill,Israel,43,73.57,195.74
156,Heather,Little,Bulgaria,54,124.85,143.64
157,Shirley,Cole,Papua New Guinea,,105.81,160.88
158,Carol,Day,Poland,68,55.24,174.47
159,Tina,Crawford,Dominican Republic,,,154.52
160,Cynthia,Vasquez,Portugal,54,40.39,154.4
161,Rachel,Simpson,Thailand,28,41.63,176.45
162,Joan,Henderson,China,41,132.39,175.24
163,Elizabeth,Wells,Philippines,64,127.18,180.76
164,Janice,Carr,Thailand,63,126.94,
165,Mildred,Richards,China,58,,193.05
166,Ryan,Alexander,Portugal,29,,180.77
167,Sandra,Adams,United States,58,80.17,179.68
168,Carolyn,Montgomery,Sweden,61,,145.12
169,Walter,Jackson,Colombia,,109.11,144.61
170,Jimmy,Mendoza,Philippines,,130.12,207.12
171,Betty,Mills,Thailand,26,121.87,144.37
172,Donna,Stephens,China,,116.02,156.81
173,Adam,Foster,China,46,,179.86
174,Angela,Ford,Indonesia,49,112.24,204.15
175,Martha,Walker,Brazil,,110.12,181.65
176,Doris,King,Guatemala,,79.06,174.93
177,Carol,Black,China,21,126.3,
178,Craig,Boyd,Russia,51,134.83,174.46
179,Doris,Morgan,United States,39,142.11,167.77
180,Laura,Mendoza,Peru,,141.71,204.55
181,Samuel,Howell,Germany,72,68.87,156.22
182,Anna,Gardner,China,64,92.54,164.03
183,Pamela,Davis,China,26,92.63,179.7
184,Amanda,Cole,New Caledonia,49,118.96,180.97
185,Margaret,George,Russia,61,146.73,189.21
186,Eric,Thomas,Indonesia,25,72.83,
187,Janet,Scott,Kazakhstan,28,80.67,
188,Steven,Alexander,China,,128.49,192.67
189,Charles,Montgomery,Russia,54,66.43,182.85
190,Bonnie,Crawford,Latvia,,101.12,176.0
191,Larry,Evans,East Timor,70,142.04,149.86
192,Beverly,Cole,United States,68,40.29,200.09
193,Angela,Gray,China,69,144.94,151.4
194,Sara,Ray,Indonesia,34,69.34,178.75
195,Rachel,Williams,France,68,119.15,148.9
196,Raymond,Wheeler,Syria,42,53.21,159.13
197,Harold,Ward,Ireland,20,62.08,140.45
198,Aaron,Washington,China,28,139.05,
199,Brenda,Hamilton,Poland,68,108.93,204.51
200,Clarence,Hart,Lithuania,35,82.3,142.14
201,Bruce,Mendoza,Mongolia,46,50.47,188.83
202,Donald,Hanson,Argentina,63,75.01,
203,Albert,Tucker,Greece,42,74.55,182.45
204,Henry,Harrison,Brazil,50,44.83,193.68
205,Norma,Reed,Cuba,31,145.52,146.19
206,Beverly,Arnold,Philippines,75,137.17,176.61
207,Larry,Little,Peru,54,63.49,185.01
208,Sarah,Gray,France,41,88.44,196.78
209,Lisa,Welch,Philippines,,67.07,159.2
210,Carl,Boyd,Czech Republic,,105.99,204.47
211,Barbara,Harrison,Philippines,33,123.09,147.33
212,Nicholas,Jones,Poland,24,103.0,202.08
213,Lori,Day,China,55,102.24,
214,Kathy,George,China,60,103.87,209.34
215,Jesse,Edwards,Qatar,,102.06,182.72
216,Steven,Cook,Djibouti,71,65.88,199.28
217,Julia,Snyder,France,50,136.15,
218,Patricia,Williams,Indonesia,21,135.43,
219,Victor,Fernandez,Japan,42,116.63,
220,Shirley,Lewis,China,41,52.19,203.57
221,Sharon,Hicks,Vietnam,58,52.41,209.09
222,Sandra,Austin,United Arab Emirates,33,,141.9
223,Christine,Wells,France,69,109.3,
224,Kenneth,Coleman,China,55,62.5,159.47
225,Sharon,Bennett,China,47,,167.78
226,Deborah,Knight,Czech Republic,75,54.59,143.3
227,Russell,Bennett,China,69,53.51,161.44
228,Judith,Lewis,Portugal,71,57.96,189.19
229,Christopher,Bell,Poland,22,,175.06
230,Tina,Richardson,France,50,142.61,174.23
231,Stephen,Morris,Philippines,42,67.81,165.71
232,Lori,Lawson,Palestinian Territory,22,,206.4
233,Denise,Carroll,Albania,,130.01,171.72
234,Michael,Wilson,United Kingdom,28,57.82,161.97
235,Mark,Dean,Sweden,59,125.68,176.68
236,Jane,Henderson,China,,142.52,195.54
237,Denise,Williams,France,,42.44,152.17
238,Christine,Watson,Cyprus,37,114.1,189.5
239,Bonnie,Nichols,Philippines,46,43.76,195.92
240,Betty,Jones,Vietnam,32,,203.43
241,Robert,Peters,Poland,55,,
242,Howard,Andrews,Afghanistan,24,131.6,183.25
243,Jean,Stone,Philippines,,146.84,202.43
244,Kathryn,Turner,France,73,131.23,156.42
245,Sharon,Sanchez,Indonesia,46,114.5,201.62
246,Alice,Banks,Czech Republic,31,82.43,159.4
247,James,Nichols,Russia,58,125.22,
248,Jose,Gray,Poland,63,105.77,157.42
249,William,Ford,Ukraine,,62.25,
250,Edward,Armstrong,Indonesia,,50.09,154.82
251,Patrick,Day,China,21,93.4,147.6
252,Donna,Hicks,China,64,140.13,208.04
253,Patrick,Collins,Brazil,74,119.37,146.56
254,Heather,Mason,Indonesia,60,100.8,165.37
255,Chris,Morris,Colombia,63,125.06,145.57
256,Roy,Sullivan,Peru,55,52.46,200.61
257,Debra,Grant,Poland,39,114.73,142.36
258,Willie,Henry,Philippines,58,81.44,179.02
259,Julia,Peters,North Korea,19,91.33,
260,Tina,Jenkins,Burundi,49,77.78,143.99
261,Martha,Frazier,Indonesia,25,67.07,166.09
262,Helen,Gomez,Nigeria,64,50.85,174.61
263,Brenda,Morales,Russia,45,142.75,151.71
264,Christina,Perez,Spain,64,149.84,186.32
265,Susan,Morrison,Denmark,46,82.39,
266,Howard,Murphy,Brazil,28,95.63,189.04
267,Philip,Wheeler,Peru,18,85.33,188.91
268,Donna,Reid,Serbia,53,88.43,167.41
269,Alan,Payne,United States,33,42.98,149.65
270,Kevin,Edwards,China,38,,150.46
271,Ruby,Graham,Indonesia,30,,160.94
272,Patricia,Parker,Brazil,54,56.61,148.52
273,Phillip,Stevens,Russia,49,139.08,163.23
274,David,Welch,Gambia,24,54.79,172.85
275,Nancy,Gilbert,Peru,40,48.19,205.46
276,Janice,Barnes,Pakistan,31,102.74,198.61
277,Anthony,Nichols,China,42,,145.56
278,Kenneth,Sims,Poland,50,100.71,164.11
279,Doris,White,Mexico,,77.3,168.36
280,Gregory,Cruz,Afghanistan,70,,157.73
281,Janet,Jenkins,Portugal,42,69.15,206.59
282,Melissa,Gonzalez,Poland,28,113.16,201.44
283,Nicholas,Matthews,Argentina,60,42.98,203.71
284,Kathryn,Lynch,China,49,126.71,198.91
285,Jacqueline,Cunningham,United States,50,71.18,151.17
286,Janet,Hall,Russia,40,148.83,197.81
287,Jessica,Hansen,Brazil,28,137.73,167.02
288,Phyllis,Young,Latvia,66,115.92,182.85
289,Roy,Rivera,Vietnam,44,104.87,145.45
290,Louise,Price,China,26,87.41,192.5
291,Joyce,Allen,Uganda,42,132.55,
292,Carolyn,Hart,Malaysia,20,144.83,178.22
293,Paula,Hamilton,Indonesia,38,112.16,200.16
294,Craig,Green,Argentina,33,119.04,180.89
295,Eric,Little,United Kingdom,52,94.84,158.44
296,Martha,Burton,Poland,50,48.16,186.83
297,Arthur,Matthews,Indonesia,22,148.04,202.2
298,Rachel,Andrews,France,30,,173.26
299,Victor,Carter,Mexico,71,79.05,
300,Jessica,Rivera,China,,60.82,157.26
301,Susan,Burton,Philippines,25,55.86,200.82
302,Eric,Allen,Malaysia,64,88.28,194.1
303,Eric,Gardner,Indonesia,,,204.39
304,Linda,Porter,Russia,22,92.46,
305,Bobby,Gomez,Cameroon,60,125.62,157.89
306,Julie,Kennedy,Philippines,51,106.31,168.39
307,Brenda,Davis,Peru,26,73.43,200.13
308,Elizabeth,Robinson,Sweden,73,138.64,170.18
309,Susan,King,Iraq,32,,
310,Russell,Lee,China,56,64.25,179.12
311,Chris,James,Poland,18,51.31,194.69
312,Janice,Wagner,Czech Republic,23,127.1,193.25
313,Tina,Oliver,Paraguay,28,91.47,147.75
314,Joseph,Hudson,Malaysia,,110.82,191.68
315,Margaret,Graham,Eritrea,56,71.94,204.32
316,Carlos,Fowler,Russia,69,96.26,169.26
317,Sharon,Woods,Jordan,53,70.48,146.98
318,Donald,Stewart,China,34,146.66,177.13
319,Adam,Brown,Poland,22,143.11,162.58
320,Rebecca,Elliott,China,49,109.96,164.83
321,Christopher,Phillips,Sierra Leone,,120.68,174.47
322,Steve,Ross,Czech Republic,72,75.96,193.03
323,Christopher,Lee,Croatia,39,148.59,144.24
324,Earl,Phillips,Kenya,,109.51,164.41
325,Amanda,Day,China,18,141.63,192.61
326,Betty,Carpenter,Canada,45,81.78,185.59
327,Eugene,Reyes,China,75,94.57,193.56
328,Martha,Mitchell,Netherlands,72,82.7,150.74
329,Debra,Fields,China,47,48.47,176.03
330,Ernest,Stevens,Chad,,122.15,183.3
331,Jennifer,Peters,France,23,130.2,180.47
332,Jack,Miller,Portugal,48,138.19,186.66
333,Jason,Sanchez,China,34,120.94,188.41
334,Stephen,Knight,China,,98.48,165.65
335,Margaret,Harrison,Libya,64,134.21,173.46
336,Aaron,Austin,Serbia,45,144.81,177.62
337,Louise,Gonzalez,Czech Republic,57,41.71,143.47
338,Ann,Stevens,Namibia,56,,
339,Mildred,Reyes,Sweden,38,80.38,172.89
340,Janice,Thomas,Peru,75,141.05,159.99
341,Debra,Martinez,Laos,36,57.43,157.08
342,Juan,Andrews,Jordan,75,85.36,180.67
343,Rose,Garrett,Bulgaria,32,86.97,207.66
344,Mary,Washington,China,40,,192.98
345,Susan,Kelley,Lithuania,57,,184.41
346,Martin,Gutierrez,China,48,42.1,160.51
347,Janet,Daniels,Poland,53,132.26,142.29
348,Brandon,Nichols,Poland,23,80.05,173.61
349,Jeremy,Brooks,Poland,39,,172.26
350,Keith,Anderson,Russia,34,53.53,156.97
351,Matthew,Stanley,Russia,69,,165.17
352,Steve,Mills,Dominican Republic,62,70.48,
353,Kimberly,Spencer,Chad,37,,152.05
354,Frances,Lawson,Colombia,36,118.13,167.07
355,Jane,Jacobs,Philippines,57,69.04,200.5
356,Billy,Smith,Azerbaijan,63,,209.18
357,Justin,Lawrence,Laos,58,,205.71
358,Arthur,Reynolds,China,,99.09,181.33
359,Richard,Dunn,China,55,61.3,175.43
360,Carol,Cox,Indonesia,54,45.27,140.06
361,Pamela,Johnston,Japan,71,111.91,208.4
362,Michael,Ellis,Indonesia,23,147.51,192.83
363,Doris,Mills,Peru,21,92.43,203.25
364,Denise,Frazier,Norway,69,83.38,183.38
365,Sarah,Berry,Finland,72,137.53,209.06
366,Kathryn,Ray,Iraq,63,74.44,147.78
367,Christine,Morris,China,34,126.2,141.6
368,Rebecca,Rice,Peru,73,66.9,199.46
369,Sara,Ryan,United States,69,,171.55
370,Peter,Myers,China,,48.17,
371,Justin,Burns,Sweden,55,140.49,168.77
372,Cynthia,Hall,Kyrgyzstan,,63.8,185.42
373,Thomas,Johnston,Japan,,69.91,157.28
374,Jacqueline,Barnes,China,72,124.17,
375,Mildred,Freeman,Brazil,70,136.81,155.83
376,Donna,Palmer,China,65,95.41,
377,Sara,Jordan,Greece,71,43.89,183.47
378,Scott,Wheeler,Morocco,,117.35,165.2
379,Jacqueline,Wheeler,Honduras,,65.22,180.04
380,Sharon,Scott,Nigeria,35,76.66,176.94
381,Albert,Carroll,Philippines,22,79.98,
382,George,Wheeler,Russia,,65.36,143.25
383,Rose,Sanders,China,58,119.42,204.71
384,Henry,Montgomery,Indonesia,26,128.03,188.98
385,Julie,Peters,Czech Republic,47,103.89,171.29
386,Margaret,Howard,South Africa,73,,167.82
387,Ashley,Franklin,Japan,54,,190.41
388,Clarence,Moreno,Indonesia,,137.79,161.13
389,Kathy,Wagner,Bulgaria,42,104.59,158.54
390,George,Lee,China,28,111.83,166.8
391,Michael,Anderson,China,44,,193.64
392,Jeremy,Alexander,Ukraine,55,40.35,176.99
393,Johnny,Taylor,China,45,,208.9
394,Betty,Kelley,Mexico,49,99.29,169.93
395,Diane,Graham,China,65,97.17,206.29
396,Scott,Bradley,Indonesia,35,48.72,198.3
397,Kelly,Mitchell,Madagascar,44,143.29,143.61
398,Ruth,Kennedy,Cameroon,32,107.69,180.47
399,Wanda,Davis,Philippines,54,134.19,183.72
400,Wayne,Holmes,China,46,85.89,207.11
401,Louis,Clark,Philippines,40,88.21,199.04
402,Linda,Hudson,Poland,44,,187.28
403,Amanda,Turner,Indonesia,58,,
404,Kathryn,Stevens,Canada,63,89.34,207.67
405,Willie,Webb,Mexico,34,63.35,
406,Virginia,James,Portugal,28,96.8,159.69
407,Christina,Wheeler,Mexico,73,139.42,207.94
408,Randy,Hudson,United States,27,68.41,171.41
409,Sara,Morales,Honduras,18,62.35,205.57
410,Nicole,Morris,Greece,25,131.61,
411,Craig,Murray,Indonesia,,,
412,Sharon,Gutierrez,Brazil,29,63.63,165.77
413,Kimberly,Butler,Indonesia,63,102.93,141.42
414,Jose,Gonzales,Indonesia,21,105.12,176.38
415,Joseph,Warren,Poland,55,67.35,146.33
416,Maria,Burns,Tuvalu,60,44.87,161.63
417,Gregory,Nguyen,Russia,44,98.43,148.16
418,Kimberly,Parker,Ukraine,70,103.81,140.5
419,Earl,Hernandez,Brazil,,,198.53
420,Anne,Burton,China,18,45.39,201.61
421,Mildred,Mitchell,Sudan,69,114.67,144.66
422,Irene,Stanley,Indonesia,68,52.11,146.54
423,Lillian,Morgan,Finland,59,65.41,202.43
424,Paula,Nguyen,France,39,111.46,181.08
425,Ruth,Grant,China,66,66.6,159.16
426,Jeffrey,Palmer,Afghanistan,41,82.89,180.53
427,Gregory,Lawrence,China,29,75.84,147.47
428,Terry,Brooks,Palestinian Territory,19,88.62,169.54
429,Maria,Watson,Vietnam,33,109.42,142.18
430,Stephen,Perkins,United States,57,70.67,205.54
431,Martin,Webb,France,67,70.79,150.95
432,Janet,Hawkins,Greece,21,56.87,167.89
433,Carl,Walker,Honduras,,144.79,200.83
434,Betty,Young,Nicaragua,38,118.38,160.28
435,Mark,Jackson,Chile,40,80.77,185.67
436,Norma,Meyer,Estonia,66,73.55,198.47
437,Terry,Mccoy,China,40,91.56,145.25
438,Mary,Snyder,Malta,75,46.26,
439,Billy,Hicks,China,31,,176.13
440,Andrea,Sanchez,Nigeria,63,50.31,171.55
441,Ruby,Stanley,Russia,67,114.43,171.29
442,Paula,Bradley,China,70,84.38,195.07
443,Barbara,Campbell,Russia,27,53.02,209.3
444,Roger,Reyes,China,48,133.15,182.75
445,Charles,Richards,Ukraine,38,118.89,180.3
446,Cynthia,Fisher,Philippines,34,65.53,
447,Christopher,Morgan,China,55,130.97,197.46
448,Peter,Castillo,Colombia,74,57.61,150.7
449,Tammy,Woods,Philippines,53,99.31,144.96
450,Matthew,Fowler,Hungary,26,87.27,186.02
451,Ashley,Castillo,Indonesia,60,71.68,198.81
452,Clarence,Arnold,Saint Vincent and the Grenadines,20,80.6,152.22
453,Eric,Tucker,Indonesia,57,65.91,159.2
454,Christopher,Stone,Indonesia,20,54.25,179.36
455,Adam,Carroll,Portugal,71,,191.21
456,Craig,Bishop,China,47,83.02,158.91
457,Margaret,Fowler,Brazil,39,129.65,149.57
458,Mark,Dunn,France,,,
459,David,Simmons,Bangladesh,24,54.03,
460,Roger,Ruiz,China,47,47.88,168.67
461,Cheryl,Fuller,Germany,,69.41,175.03
462,Fred,Hayes,Georgia,27,100.44,192.27
463,Kathleen,Jones,China,33,114.05,178.36
464,Catherine,Alvarez,Indonesia,46,80.47,181.95
465,Louise,Reyes,Poland,,121.58,143.42
466,Susan,Diaz,Greece,51,107.95,181.96
467,Ralph,Elliott,China,34,102.62,209.31
468,Jack,Lawson,China,21,50.53,167.55
469,Walter,Phillips,Bangladesh,66,42.13,155.29
470,Sarah,Harris,Czech Republic,68,58.14,190.8
471,Karen,Rice,China,39,102.35,193.72
472,Philip,Perez,Comoros,75,90.43,
473,Stephanie,Montgomery,Pakistan,72,61.98,184.89
474,Nicole,Sims,Philippines,71,133.57,173.79
475,Howard,Kelly,Brazil,59,149.33,184.58
476,Nancy,Bradley,Portugal,21,135.72,157.22
477,Tina,Lopez,Philippines,48,93.48,185.23
478,Scott,Hall,Thailand,51,52.32,168.63
479,Laura,Carter,Bolivia,35,145.34,191.23
480,Louis,Edwards,Canada,50,91.79,176.36
481,Amanda,Cunningham,Nicaragua,53,79.03,168.67
482,Karen,Coleman,Portugal,57,58.99,164.35
483,Joe,George,Russia,66,57.55,202.24
484,Tammy,Rice,Brazil,,62.24,202.93
485,Willie,Harris,Philippines,50,85.64,178.41
486,Joan,Chapman,Philippines,55,73.75,162.98
487,Nicholas,Foster,Indonesia,,110.78,182.69
488,Margaret,Wright,Vietnam,19,56.21,170.69
489,Beverly,Shaw,Russia,46,103.33,195.28
490,Phillip,Lawson,Russia,21,75.04,145.73
491,George,Montgomery,Georgia,33,,175.72
492,Anne,Diaz,Czech Republic,56,103.67,146.49
493,Earl,Burton,United States,25,,192.87
494,Keith,Simmons,United States,24,66.52,175.02
495,Adam,Carr,Czech Republic,19,73.04,168.94
496,Ernest,Ruiz,China,73,50.51,149.59
497,Nicole,Wood,China,46,110.21,184.66
498,Jennifer,Arnold,China,54,47.52,162.38
499,Lawrence,Kim,Greece,27,76.65,167.2
500,Thomas,Reid,Germany,27,83.58,157.72
501,Kelly,Ward,Oman,30,73.24,150.86
502,Adam,Gonzales,Portugal,64,85.13,175.44
503,Frances,Woods,Argentina,72,64.96,
504,Jennifer,Jenkins,Yemen,45,106.53,161.87
505,Catherine,Duncan,Brazil,59,123.6,175.47
506,Stephanie,Ross,China,28,92.62,177.74
507,Larry,Williamson,Ivory Coast,30,108.23,181.15
508,Julia,Garza,Brazil,25,80.89,145.47
509,Mary,Morales,Russia,30,65.46,189.25
510,Joyce,Fuller,Panama,34,,140.97
511,Patrick,Hansen,Brazil,31,82.02,
512,Pamela,Andrews,Greece,52,120.55,
513,Lawrence,Anderson,Russia,36,106.43,197.51
514,David,Gardner,Philippines,64,49.8,
515,Shirley,Jackson,Jordan,43,83.58,141.64
516,Lawrence,Mitchell,France,51,126.26,188.87
517,Larry,Hill,Argentina,26,119.72,184.88
518,Cynthia,Knight,Poland,23,42.88,
519,Helen,Allen,Czech Republic,29,117.79,198.9
520,Juan,Meyer,Russia,49,49.74,195.68
521,Frank,Matthews,Paraguay,55,108.47,182.56
522,Shawn,Cruz,Guinea,,144.44,182.49
523,Anthony,Ferguson,China,21,105.07,208.0
524,Edward,Bradley,Russia,71,135.4,199.22
525,Edward,Washington,Malaysia,57,86.81,172.66
526,Ann,Thompson,China,23,138.02,174.84
527,Annie,Wagner,Ukraine,34,61.24,202.98
528,Jason,Flores,Japan,68,,171.41
529,Betty,Daniels,Indonesia,45,108.09,175.63
530,Helen,Riley,Indonesia,27,88.52,184.8
531,Sarah,Campbell,Iran,60,123.67,143.07
532,Louise,Castillo,China,71,135.69,144.72
533,Jesse,Alvarez,Cameroon,31,124.17,172.61
534,Lori,Simpson,China,74,64.06,155.32
535,Lori,Wright,China,,108.33,198.23
536,Anne,Cook,Russia,51,,147.85
537,Edward,Pierce,Philippines,48,42.4,149.37
538,Sharon,Price,Sweden,36,50.42,194.65
539,Paula,King,Philippines,18,89.07,174.77
540,Betty,Rice,Poland,36,58.6,180.49
541,Bonnie,Burton,Iceland,,,187.81
542,Stephanie,Fisher,China,27,41.65,
543,Keith,Williamson,Japan,,77.02,153.46
544,Ryan,Willis,China,,84.09,182.58
545,Jessica,Bradley,Poland,,148.71,191.43
546,Howard,Schmidt,Brazil,27,69.72,182.08
547,Alice,Gibson,China,,,141.26
548,Nicole,Boyd,South Africa,69,,204.13
549,Patricia,Perry,Indonesia,59,93.03,205.36
550,Russell,Castillo,Indonesia,18,,153.66
551,Brandon,Perez,Palau,46,93.0,188.78
552,Stephanie,Fernandez,Slovenia,61,97.34,165.83
553,Virginia,Bowman,Brazil,55,123.55,178.17
554,Justin,Hunt,Greece,65,101.19,146.1
555,Raymond,Carter,Russia,38,148.94,191.84
556,Joe,Brown,France,51,111.06,189.28
557,Craig,Gomez,Cuba,,146.5,201.51
558,Timothy,Burke,Sweden,44,111.66,200.86
559,Douglas,Frazier,Panama,38,132.2,149.19
560,Paula,Nelson,Indonesia,53,134.53,174.18
561,Shawn,Foster,Poland,44,104.81,162.91
562,Kevin,Gutierrez,Czech Republic,25,49.65,187.34
563,Wanda,Graham,China,29,,153.49
564,James,Alvarez,China,24,126.46,198.36
565,Phillip,Reyes,Russia,69,81.69,
566,Sarah,Alexander,Syria,68,111.47,178.66
567,Ann,Daniels,South Africa,47,132.58,183.92
568,Brenda,Carroll,Philippines,65,112.08,185.03
569,Gerald,Rivera,Uruguay,58,143.74,142.42
570,Edward,Lawrence,Bangladesh,60,123.9,201.71
571,Virginia,Pierce,Indonesia,52,82.66,162.01
572,Emily,Watson,China,23,58.05,160.13
573,Juan,Burton,Czech Republic,49,135.93,170.27
574,Wayne,Montgomery,Pakistan,40,,179.6
575,Andrea,Ellis,China,68,120.78,187.97
576,Carl,Grant,China,28,107.26,145.37
577,Martin,Cox,Colombia,,83.57,
578,Sharon,Hansen,United States,,65.09,192.11
579,Eugene,Woods,Poland,73,143.0,193.99
580,Keith,Walker,Afghanistan,54,136.36,185.94
581,Catherine,Hayes,United States,44,141.35,154.94
582,Jimmy,Jordan,Serbia,71,,
583,Ann,Reynolds,Brazil,45,95.87,
584,Kimberly,Marshall,Jamaica,25,44.54,182.63
585,Jimmy,Gonzales,China,24,,199.94
586,Keith,Tucker,Czech Republic,31,40.75,146.11
587,Henry,Murray,China,49,136.0,
588,Alan,Thompson,Argentina,37,45.16,200.97
589,Carol,Bailey,Philippines,62,107.43,145.29
590,Henry,Wright,Russia,,107.39,
591,Victor,Hunt,Brazil,34,,
592,Cheryl,Gibson,Brazil,23,44.6,166.73
593,Jimmy,Carter,Indonesia,,49.52,187.35
594,Raymond,Butler,Poland,56,47.03,168.36
595,Fred,Stone,Laos,74,133.66,185.63
596,Michelle,Alvarez,Indonesia,18,87.04,153.93
597,Edward,Gibson,Brazil,31,136.51,192.51
598,Janice,Robinson,Indonesia,45,75.06,185.05
599,Gary,Porter,Ukraine,20,72.1,148.88
600,Douglas,Williams,France,43,136.79,189.79
601,Anne,Gomez,Peru,70,120.38,173.08
602,Janet,Daniels,China,50,131.03,
603,Phyllis,Sims,Russia,38,124.72,142.24
604,Donald,Kennedy,United States,71,41.41,205.97
605,Brian,Parker,Honduras,37,54.73,175.23
606,John,Clark,Indonesia,68,73.84,169.91
607,Jack,Kennedy,Indonesia,23,114.07,166.09
608,Gerald,Gutierrez,Indonesia,52,148.16,173.41
609,Samuel,Wilson,France,64,94.11,185.79
610,Sean,Wilson,Guinea,65,74.24,175.48
611,Gerald,Rodriguez,China,57,139.86,
612,Eric,Thomas,Brazil,59,94.28,173.33
613,Arthur,Peterson,United States,74,87.36,
614,Jeremy,Oliver,Portugal,57,125.04,186.12
615,Jonathan,Scott,Sri Lanka,,109.59,181.01
616,Amanda,Peters,Russia,,71.54,178.51
617,Diane,Flores,Argentina,48,,159.36
618,Kathryn,Reynolds,Indonesia,28,138.25,148.51
619,Catherine,Hawkins,Indonesia,54,77.53,183.49
620,William,Butler,China,52,121.22,168.97
621,Paul,Smith,Thailand,68,,153.52
622,Evelyn,Wheeler,China,33,127.05,208.15
623,Nancy,Bennett,Tanzania,47,80.22,200.01
624,Chris,Ward,Indonesia,,105.72,194.38
625,Amanda,Palmer,Portugal,65,44.49,170.08
626,Bonnie,Perkins,Myanmar,,122.99,143.37
627,Douglas,Brooks,China,19,50.52,163.54
628,Janet,Romero,Croatia,67,124.19,189.69
629,John,Ruiz,France,30,126.04,186.06
630,Donna,Jackson,Colombia,,,163.68
631,Stephen,Brooks,Pakistan,26,146.45,151.89
632,Frank,Bell,China,,73.61,
633,Bobby,Nelson,Afghanistan,,80.01,193.86
634,Betty,White,United States,52,116.58,189.05
635,Mary,Gilbert,China,46,89.78,162.11
636,Louise,Torres,Russia,70,73.55,177.41
637,James,Cunningham,China,26,115.33,185.29
638,Kathryn,Gomez,Palestinian Territory,22,63.99,202.31
639,Samuel,Snyder,Peru,63,135.96,145.71
640,Christina,Williamson,Guatemala,37,61.87,194.11
641,Helen,Rose,Kyrgyzstan,40,111.29,178.25
642,Adam,Grant,Sweden,26,148.1,209.07
643,Carol,Wells,Tanzania,,114.22,190.27
644,Edward,Simpson,Philippines,31,89.52,170.47
645,Michelle,Moore,Brazil,58,44.36,196.51
646,Karen,Gilbert,China,65,147.17,171.74
647,Joseph,Smith,China,44,130.47,189.02
648,Martha,Gardner,Brazil,44,57.51,188.41
649,Aaron,Butler,Azerbaijan,68,99.86,187.12
650,Katherine,White,Philippines,60,,200.89
651,Justin,Austin,Argentina,71,141.09,171.09
652,Matthew,Jones,Portugal,75,43.57,168.97
653,Jose,Fields,France,66,84.37,153.19
654,Kathryn,Olson,Thailand,54,149.83,178.04
655,Kathy,Gordon,France,30,109.55,183.66
656,Raymond,Ford,Japan,58,100.06,175.19
657,Bonnie,Coleman,Japan,37,119.94,191.82
658,Julie,Turner,Nicaragua,42,76.88,202.42
659,Dorothy,Welch,China,68,149.61,181.35
660,Jacqueline,Fowler,Portugal,71,63.95,193.01
661,Justin,Duncan,Indonesia,,148.42,172.72
662,Janet,Henderson,Latvia,29,107.36,155.37
663,Kathryn,Ward,China,28,119.5,163.88
664,Lillian,Ortiz,Peru,72,,182.94
665,Wanda,Smith,Indonesia,53,60.62,162.17
666,Janice,Nguyen,Bulgaria,38,,198.9
667,Charles,Holmes,Poland,31,44.79,147.16
668,Henry,Wright,China,41,141.84,193.2
669,Larry,Mendoza,Tanzania,54,51.47,201.05
670,Rose,Grant,Malta,21,132.73,161.6
671,Carlos,West,Japan,,62.33,192.83
672,Diana,Crawford,Greece,22,125.65,
673,Melissa,Collins,France,,124.01,196.84
674,Carol,Morris,Norway,73,,185.49
675,Paula,Watkins,Indonesia,34,98.11,163.98
676,Kelly,Adams,Armenia,,,152.61
677,Frances,Washington,Uzbekistan,23,145.06,173.0
678,Katherine,Hamilton,Indonesia,55,67.75,171.91
679,Mark,Hunter,China,,68.86,147.22
680,Kathryn,Walker,Philippines,32,132.11,194.08
681,Johnny,Dixon,China,31,45.72,201.45
682,Andrew,Jones,Indonesia,47,83.91,159.47
683,Frances,Burke,Poland,29,120.0,191.12
684,Michael,Graham,Russia,38,96.03,146.38
685,Sarah,Harris,Mexico,69,142.83,173.09
686,Anna,Evans,France,69,,146.2
687,Melissa,Vasquez,Indonesia,,122.46,187.95
688,Bobby,Bryant,Portugal,38,139.9,152.44
689,Lawrence,Austin,Morocco,32,47.11,
690,Maria,Peters,Faroe Islands,44,73.0,193.25
691,Jane,Long,Brazil,59,65.73,183.97
692,Melissa,Stanley,Zimbabwe,38,145.15,
693,John,Meyer,Argentina,37,148.77,147.08
694,Carl,Evans,Portugal,40,,198.31
695,Ann,Richards,Norway,64,142.95,
696,Annie,Robinson,United States,38,52.03,189.72
697,Karen,Gonzales,Indonesia,48,49.42,153.14
698,Donna,Montgomery,Indonesia,26,,169.69
699,Stephanie,Willis,Greece,46,119.72,
700,Shirley,Lane,Malawi,65,68.53,
701,Eugene,Burns,France,30,80.09,161.69
702,Norma,Murphy,Saudi Arabia,22,91.81,
703,David,Long,Palestinian Territory,50,118.22,153.08
704,Sara,Richards,Russia,31,,199.28
705,Jeffrey,Marshall,Cameroon,48,64.81,207.19
706,Willie,Frazier,China,20,79.56,200.65
707,Phyllis,Berry,Kiribati,34,108.4,166.67
708,Betty,Sanchez,United States,34,140.6,
709,Margaret,Burke,China,,108.21,
710,Frances,Martinez,Nicaragua,67,87.09,208.7
711,Willie,Willis,Indonesia,72,,178.92
712,Benjamin,Brooks,Philippines,37,110.8,178.94
713,Alan,White,Greece,50,85.24,182.24
714,Jessica,Fields,Myanmar,69,71.95,159.55
715,Brandon,Murphy,China,,144.19,
716,David,Anderson,Philippines,19,136.73,147.88
717,Anthony,Washington,Mexico,43,116.61,160.35
718,Janice,Mcdonald,Colombia,33,81.08,154.72
719,Katherine,Long,China,34,76.55,143.78
720,Bonnie,Morgan,United States,28,105.68,187.81
721,Eugene,Stephens,Panama,61,122.56,192.98
722,Wayne,Hanson,Portugal,54,90.65,197.95
723,Bobby,Hicks,Serbia,25,,142.27
724,Mark,Cunningham,Syria,75,141.87,164.66
725,Ryan,Harper,Honduras,73,50.2,188.53
726,Cynthia,Garcia,Indonesia,,84.49,154.84
727,Joseph,Jordan,Albania,63,,209.49
728,Karen,Payne,China,39,,174.3
729,Lori,Foster,Indonesia,,94.32,195.83
730,Todd,Butler,Ukraine,40,103.69,162.04
731,Edward,Boyd,Russia,51,76.58,164.39
732,Rebecca,Martin,Czech Republic,27,46.35,181.29
733,Jimmy,Meyer,Malawi,64,,190.47
734,Christina,Morgan,United States,22,141.99,187.52
735,Clarence,Carr,China,49,124.91,188.04
736,Jacqueline,Wheeler,China,58,141.5,205.4
737,Ashley,Wagner,Vietnam,74,58.7,154.93
738,Jennifer,Wright,China,59,104.88,173.73
739,Henry,Reynolds,Russia,35,44.37,
740,Diana,Morales,China,29,130.21,204.88
741,Rachel,Hayes,Russia,72,63.94,183.51
742,Cynthia,Bowman,Portugal,63,130.22,
743,Doris,Roberts,Russia,,109.33,165.62
744,Melissa,Reed,Thailand,51,57.0,149.96
745,William,Welch,Yemen,,98.8,184.21
746,Lois,Mcdonald,Lithuania,58,137.92,165.36
747,Joan,Banks,China,53,129.68,204.01
748,Betty,Riley,Ivory Coast,36,123.87,177.02
749,Mary,Harrison,Mexico,50,132.49,202.99
750,Shirley,Simpson,Philippines,68,46.13,180.47
751,Earl,Hanson,Philippines,43,42.9,181.67
752,Andrew,Owens,Philippines,53,123.85,152.48
753,Howard,Mason,United States,58,89.52,
754,Donna,Banks,Russia,57,131.58,205.74
755,Louise,Morales,United States,43,120.63,184.17
756,Phillip,Wheeler,China,57,51.86,188.9
757,Kelly,Owens,Latvia,35,49.7,169.89
758,Aaron,Turner,Brazil,35,121.22,164.95
759,James,Rogers,Poland,41,92.75,199.7
760,Chris,Hansen,Kazakhstan,24,149.94,181.78
761,Sarah,Alexander,Brazil,20,85.75,154.0
762,Mildred,Schmidt,Philippines,19,147.31,140.73
763,Teresa,Marshall,United States,53,129.19,159.06
764,Marie,Stevens,Philippines,72,146.35,140.37
765,Harold,Burns,China,31,,178.71
766,Janet,Powell,China,30,,170.77
767,Evelyn,Coleman,Canada,28,138.42,169.9
768,Marilyn,Turner,Indonesia,56,94.39,204.32
769,Martin,Bennett,United States,32,86.68,169.41
770,William,Tucker,Pakistan,47,131.46,
771,Chris,Hughes,China,19,,181.84
772,Peter,Webb,Albania,66,116.15,209.69
773,Roy,Holmes,South Korea,56,58.51,
774,Christopher,Lewis,China,33,,149.03
775,Kevin,Fowler,Kyrgyzstan,65,130.53,182.1
776,Sarah,Sanchez,Chad,19,91.91,
777,Michelle,Harrison,China,52,,167.57
778,Christina,Cox,China,61,,206.01
779,Jean,Fox,Czech Republic,49,121.59,197.42
780,Carol,Olson,China,41,76.23,202.94
781,Ruth,Stephens,Indonesia,59,92.66,171.44
782,Kelly,Holmes,Sri Lanka,54,127.7,149.79
783,Stephanie,Black,Peru,54,,172.15
784,Craig,Gibson,Indonesia,,107.97,193.42
785,Eugene,Knight,Canada,47,103.42,
786,Barbara,Wells,China,,,185.09
787,Sara,Black,China,,136.92,140.69
788,Keith,Murphy,Ivory Coast,,118.9,199.8
789,Jeffrey,Chapman,China,45,64.8,197.29
790,Peter,Peterson,Canada,36,,174.0
791,Catherine,Bennett,U.S. Virgin Islands,66,120.32,203.64
792,Bonnie,Medina,Poland,31,145.86,156.21
793,Cheryl,Graham,Brazil,41,73.29,177.7
794,Ruby,Ross,China,19,139.1,165.57
795,Mark,Kim,Brazil,34,53.91,196.15
796,Daniel,Arnold,Indonesia,53,70.92,164.75
797,William,Riley,Philippines,51,,203.47
798,Julie,Dean,Croatia,,119.21,198.28
799,Carolyn,Patterson,Indonesia,48,80.53,193.67
800,George,Bishop,Ukraine,,119.11,183.69
801,Christopher,Burton,Bosnia and Herzegovina,47,55.87,147.84
802,Jack,Hayes,Switzerland,26,82.52,169.62
803,Sandra,Pierce,Macedonia,,63.19,156.0
804,Harry,Morgan,Norway,,44.21,152.73
805,Juan,Adams,China,31,136.9,154.06
806,Justin,Daniels,Mexico,44,,192.12
807,Fred,Gomez,China,72,,153.31
808,Doris,Scott,United States,,99.39,184.68
809,Mildred,Arnold,Indonesia,53,145.96,205.05
810,Billy,Hunt,Indonesia,60,106.2,140.88
811,Pamela,Bradley,Portugal,62,69.71,169.89
812,Jessica,Sanders,Portugal,30,101.24,171.15
813,Dennis,Sullivan,China,66,74.39,189.15
814,Anna,Boyd,China,48,110.94,
815,Kelly,Kelley,Indonesia,26,65.64,196.05
816,Cheryl,Jackson,China,30,148.72,192.87
817,William,Harrison,Indonesia,24,52.84,140.19
818,Terry,Hill,Peru,68,123.68,203.77
819,Wayne,Powell,Philippines,21,85.21,169.97
820,Annie,Crawford,China,,129.62,169.71
821,Paul,Rose,Russia,48,95.15,192.62
822,Michelle,Alexander,Brazil,,65.18,207.48
823,Alice,Peters,China,71,,203.35
824,Jane,Rose,Portugal,75,75.08,205.0
825,Brenda,Jenkins,Laos,35,80.67,147.86
826,Thomas,Chapman,Philippines,55,134.39,141.23
827,Mark,Garza,Kazakhstan,59,44.27,149.55
828,Jennifer,Graham,Russia,50,63.66,179.08
829,Tina,Meyer,Japan,68,105.52,190.39
830,Russell,Wood,China,68,,158.88
831,Doris,Armstrong,Thailand,55,94.04,190.9
832,Carl,Ramirez,Philippines,28,57.38,180.74
833,Carol,King,Saudi Arabia,34,,201.45
834,Robin,Bowman,Poland,43,89.99,165.03
835,Bonnie,Woods,El Salvador,33,79.4,165.43
836,David,Pierce,Sweden,41,68.09,202.31
837,Richard,Medina,China,50,91.01,176.0
838,Heather,Garrett,China,32,40.85,154.29
839,Lawrence,Gordon,Vietnam,60,143.01,184.62
840,Bobby,Oliver,Thailand,46,104.7,178.07
841,Christine,Simpson,Malaysia,23,85.04,173.62
842,Michael,Barnes,Portugal,48,44.94,167.3
843,Virginia,Castillo,Indonesia,66,51.38,
844,Victor,Watkins,Poland,64,,159.07
845,Julie,Fuller,China,38,123.06,205.61
846,Russell,Wood,Bangladesh,40,89.75,148.41
847,William,Hanson,China,40,86.21,
848,Timothy,Simpson,Nigeria,72,90.5,197.77
849,Nicholas,Lawrence,Indonesia,42,89.35,
850,Gerald,Riley,China,26,116.22,199.86
851,Anne,Hernandez,China,,125.67,174.75
852,Richard,Olson,Norway,,51.23,203.34
853,Doris,Rose,Tunisia,45,62.79,168.91
854,Katherine,Howard,Dominican Republic,23,77.94,204.84
855,Fred,Bailey,Palestinian Territory,59,145.02,160.1
856,Ernest,Gonzales,Afghanistan,50,142.99,153.11
857,Dorothy,Allen,Peru,70,66.72,187.61
858,Willie,Pierce,Japan,66,118.46,157.59
859,Steven,Pierce,China,40,72.7,199.84
860,Ruby,Tucker,Netherlands,60,72.12,188.2
861,Robin,Hanson,Tanzania,22,72.42,149.26
862,Arthur,Hanson,China,21,42.46,197.15
863,Lori,West,Russia,61,67.06,
864,Nancy,Henry,China,64,106.2,159.1
865,Carolyn,Hayes,Serbia,24,89.37,186.3
866,Edward,Collins,Brazil,50,,
867,Johnny,Tucker,Peru,26,110.97,145.4
868,Russell,Hughes,Philippines,27,115.13,154.19
869,Pamela,Gibson,Czech Republic,69,84.91,160.22
870,Chris,Sims,Russia,39,81.56,
871,Christopher,Gomez,China,36,132.9,189.75
872,Nicholas,Greene,China,73,60.24,188.3
873,Fred,Austin,China,38,,178.02
874,Ruby,Torres,Iran,68,130.38,184.41
875,Jonathan,Webb,Japan,55,113.43,165.99
876,Gary,Allen,Russia,63,44.65,185.54
877,Todd,Ryan,China,44,43.16,156.15
878,Howard,Campbell,Belarus,51,132.09,162.7
879,Angela,Young,Argentina,39,43.94,143.45
880,Joe,Moreno,Serbia,40,118.96,194.11
881,Cheryl,Ferguson,Japan,35,71.84,148.48
882,Dorothy,Day,United States,69,79.05,173.34
883,Sara,Nelson,Montserrat,44,98.32,188.26
884,Annie,Collins,Slovenia,45,82.63,187.46
885,Nancy,Stevens,Indonesia,28,91.11,164.43
886,Kimberly,Wood,Australia,,129.21,153.07
887,Melissa,Castillo,China,52,119.2,200.12
888,Nicole,Hughes,Indonesia,31,116.65,172.67
889,Randy,Gordon,Pakistan,,105.36,199.48
890,Antonio,Phillips,United States,23,50.55,
891,Rachel,Taylor,Afghanistan,56,64.18,148.63
892,Thomas,Hill,Finland,20,149.22,
893,Matthew,Lawrence,Czech Republic,59,46.99,141.11
894,Diana,Roberts,Brazil,70,,172.77
895,Lori,Cox,Malaysia,53,137.04,151.47
896,Jose,Duncan,Peru,64,109.84,176.49
897,Ralph,Wheeler,United States,54,44.09,178.91
898,Pamela,Reyes,Norway,52,130.04,192.22
899,Jessica,Riley,Slovenia,38,59.44,178.29
900,Louise,Rose,Indonesia,59,124.86,150.2
901,Jean,Montgomery,Djibouti,59,43.7,
902,Gloria,Moreno,Iran,55,,193.95
903,Virginia,Rodriguez,China,23,138.17,140.39
904,Kathy,Romero,Poland,42,76.4,146.27
905,Ruth,Fox,Philippines,37,56.16,169.82
906,Stephanie,Wheeler,Colombia,34,83.34,208.82
907,Michael,Sanders,United States,29,99.52,192.01
908,Ernest,Bishop,Iran,65,104.83,179.56
909,Anna,Webb,France,,132.62,193.47
910,Ryan,Hayes,Tanzania,67,,151.92
911,Martha,Bennett,Colombia,65,118.41,144.33
912,Ashley,Palmer,Indonesia,62,77.99,144.96
913,Russell,Hansen,Brazil,27,109.88,166.78
914,Christopher,Hudson,Indonesia,,149.15,
915,Nicholas,Adams,Czech Republic,52,98.23,172.12
916,Sharon,Meyer,China,61,95.8,172.43
917,Lisa,Nguyen,China,72,58.87,152.43
918,Henry,Peterson,Portugal,20,67.26,200.6
919,Debra,Collins,Greece,69,82.54,162.9
920,Matthew,Chapman,China,48,91.48,143.96
921,Kathleen,Price,Russia,30,146.73,209.98
922,Michael,Wheeler,Peru,26,71.49,141.29
923,Eugene,Garcia,Sweden,43,138.42,178.28
924,Gary,Day,Sweden,28,80.12,194.22
925,Christine,Richardson,Palestinian Territory,53,115.41,143.06
926,Harold,Simmons,Iran,59,45.37,149.7
927,Judith,Gonzales,China,49,76.17,163.68
928,Mildred,Burns,China,46,80.89,176.53
929,Gloria,Gomez,Ukraine,42,71.94,
930,Catherine,Bishop,Pakistan,18,48.8,142.01
931,Frank,Daniels,Uruguay,56,115.3,208.9
932,Janice,Peters,Saudi Arabia,59,110.39,194.82
933,Evelyn,Mills,Indonesia,75,132.27,183.44
934,Sandra,Ramirez,Pakistan,,125.48,172.64
935,Ruth,Knight,Moldova,18,41.39,184.74
936,William,Perkins,Peru,64,69.08,205.89
937,Norma,Cooper,China,59,122.02,160.11
938,Julia,Howard,Brazil,48,41.42,170.57
939,Clarence,Perez,Colombia,46,46.01,144.16
940,Bonnie,Mcdonald,China,23,47.32,205.73
941,Dorothy,Gomez,Indonesia,27,126.85,157.05
942,Cynthia,Reid,South Africa,33,59.96,141.26
943,Billy,Ellis,Philippines,,,150.81
944,Raymond,Olson,Ukraine,,80.68,153.64
945,Julie,Hill,China,38,,191.93
946,Steve,Garza,Russia,18,,142.89
947,Jean,Rivera,Philippines,35,95.6,142.72
948,Samuel,Lee,Russia,,72.45,193.41
949,Ann,Mcdonald,Morocco,39,114.16,167.55
950,Janet,Jordan,Aland Islands,60,130.46,167.45
951,Aaron,Meyer,Myanmar,33,,155.88
952,Willie,Robinson,Spain,68,61.24,180.45
953,Justin,Chapman,Ukraine,75,115.47,161.34
954,Lawrence,Holmes,Japan,45,,149.48
955,Nicole,Reynolds,Iraq,31,132.18,153.39
956,Rachel,Riley,Indonesia,43,130.93,152.99
957,Jason,Reid,Indonesia,55,102.08,209.23
958,Catherine,Campbell,China,,66.01,
959,Robert,Matthews,Czech Republic,72,115.97,176.48
960,Donna,Henderson,Sweden,32,149.18,197.77
961,Jane,Hansen,Indonesia,75,46.06,171.16
962,Teresa,Oliver,China,33,45.83,202.8
963,Shawn,Ryan,Peru,22,60.14,180.96
964,Barbara,Castillo,Colombia,21,44.83,162.51
965,Laura,Fernandez,Peru,,48.01,
966,Patricia,Thomas,Namibia,19,,
967,Lisa,Cunningham,Libya,59,139.54,141.92
968,Brenda,Richards,Indonesia,33,130.27,147.1
969,Rebecca,Russell,South Africa,19,61.78,200.19
970,Sara,Diaz,Venezuela,18,69.06,149.04
971,Bonnie,Jenkins,Russia,36,65.89,154.8
972,Donald,Hayes,China,38,99.62,184.17
973,Teresa,Moreno,Namibia,75,54.68,148.4
974,Kimberly,Wells,Brazil,40,,166.48
975,Ann,Gordon,Indonesia,35,71.88,181.27
976,Adam,Price,China,60,129.93,193.9
977,Aaron,Hughes,Finland,42,117.97,149.43
978,Shawn,Stewart,Indonesia,41,134.78,154.08
979,Alice,Vasquez,Pakistan,26,44.19,149.78
980,Brenda,Sims,Turkey,69,102.06,202.4
981,Jonathan,Gordon,Botswana,29,54.8,185.2
982,Frances,Wright,Indonesia,23,84.41,
983,Christina,Tucker,Hungary,71,99.8,144.96
984,Victor,Gonzales,Mexico,61,85.12,144.87
985,Ronald,Boyd,Slovenia,61,51.89,174.41
986,Andrew,Morgan,Colombia,23,147.69,187.1
987,Paula,Harris,Poland,37,118.19,
988,Betty,Perry,South Korea,35,115.35,
989,Randy,Porter,Canada,29,116.79,197.35
990,Donald,Kelly,Indonesia,39,80.16,
991,Tammy,Mason,United States,31,,179.12
992,Betty,Rodriguez,Armenia,75,80.7,191.55
993,Jeremy,Hunter,United States,23,60.58,154.44
994,Louis,Garcia,Tunisia,63,,194.34
995,Paul,Reyes,Azerbaijan,28,63.35,149.23
996,Patrick,Hicks,Indonesia,32,77.3,151.53
997,Denise,Fisher,Philippines,,129.43,167.31
998,Norma,Wagner,Slovenia,65,,181.78
999,Walter,Mason,Argentina,54,121.5,
1000,Julia,Castillo,China,29,68.49,165.47
